{
  "loss": 2.2119837666887685,
  "acc@1": 57.968127727508545,
  "acc@5": 88.04780840873718
}
